<?xml version="1.0" encoding="UTF-8"?>
<beans xmlns="http://www.springframework.org/schema/beans"  
    xmlns:xsi="http://www.w3.org/2001/XMLSchema-instance"  
    xmlns:p="http://www.springframework.org/schema/p"
    xmlns:aop="http://www.springframework.org/schema/aop"   
       xsi:schemaLocation="http://www.springframework.org/schema/beans   
       http://www.springframework.org/schema/beans/spring-beans.xsd   
       http://www.springframework.org/schema/aop   
       http://www.springframework.org/schema/aop/spring-aop.xsd">  

	<aop:aspectj-autoproxy />

	<bean id="account1" class="com.training.aop.model.Account"
		p:accNo="435435345" p:accName="RAMU" p:balance="5000" />

	<bean id="account2" class="com.training.aop.model.Account"
		p:accNo="789789789" p:accName="LAKSH" p:balance="7800" />

	<bean id="sbaccount" class="com.training.aop.model.SBAccount"
		p:account-ref="account1" autowire="byName"/>
		
	<bean id="caaccount" class="com.training.aop.model.CAAccount"
		p:account-ref="account2" autowire="byName"/>
		
	<bean id="bankingService" class="com.training.aop.service.BankingService"
		p:sbaccount-ref="sbaccount" p:caaccount-ref="caaccount" autowire="byName" />
		
	<!-- <bean id="aspectImpl" class="com.training.aop.banking.LoggingAspect"/> -->
<!-- 	<bean id="aspectImpl" class="com.training.aop.banking.LoggingAspectAfter"/>
 -->
 
 <bean id="aspectImpl" class="com.training.aop.banking.LoggingAspectArround"/>
 
 </beans>